name,frep1,frep2,frep3
NLIM-PRO,../source_data/fig2a/221121_2030_A1_PRO_GFP.csv,../source_data/fig2a/1930_A1_NLIM_PRO.csv,../source_data/fig2a/230210_1745_A1_PRO.csv
NLIM-GLN,../source_data/fig2a/221121_2030_A2_GLN_GFP.csv,../source_data/fig2a/1930_A2_NLIM_GLN.csv,../source_data/fig2a/230210_1745_A2_GLN.csv
NLIM-GLU,../source_data/fig2a/221121_2030_A3_GLU_GFP.csv,../source_data/fig2a/1930_A3_NLIM_GLU.csv,../source_data/fig2a/230210_1745_A3_GLU.csv
NLIM-NH4,../source_data/fig2a/221121_2030_A4_NH4_GFP.csv,../source_data/fig2a/1930_A4_NLIM_NH4.csv,../source_data/fig2a/230210_1745_A4_NH4.csv
NLIM-UREA,../source_data/fig2a/221121_2030_A5_UREA_GFP.csv,../source_data/fig2a/1930_A5_NLIM_UREA.csv,../source_data/fig2a/230210_1745_A5_UREA.csv
NLIM-ALA,../source_data/fig2a/221121_2030_A6_ALA_GFP.csv,../source_data/fig2a/1930_A6_NLIM_ALA.csv,../source_data/fig2a/230210_1745_A6_ALA.csv
NLIM-ASP,../source_data/fig2a/221121_2030_A7_ASP_GFP.csv,../source_data/fig2a/1930_A7_NLIM_ASP.csv,../source_data/fig2a/230210_1745_A7_ASP.csv
NLIM-TRP,../source_data/fig2a/221121_2030_A8_TRP_GFP.csv,../source_data/fig2a/1930_A8_NLIM_TRP.csv,../source_data/fig2a/230210_1745_A8_TRP.csv
NLIM-MET,../source_data/fig2a/221121_2030_A9_MET_GFP.csv,../source_data/fig2a/1930_A9_NLIM_MET.csv,../source_data/fig2a/230210_1745_A9_MET.csv
NLIM-PHE,../source_data/fig2a/221121_2030_A10_PHE_GFP.csv,../source_data/fig2a/1930_A10_NLIM_PHE.csv,../source_data/fig2a/230210_1745_A10_PHE.csv
NLIM-ARG,../source_data/fig2a/221121_2030_A11_ARG_GFP.csv,../source_data/fig2a/1930_A11_NLIM_ARG.csv,../source_data/fig2a/230210_1745_A11_ARG.csv
NLIM-LYS,../source_data/fig2a/221121_2030_A12_LYS_GFP.csv,../source_data/fig2a/1930_A12_NLIM_LYS.csv,../source_data/fig2a/230210_1745_A12_LYS.csv
NLIM-HIS,../source_data/fig2a/221121_2030_B1_HIS_GFP.csv,../source_data/fig2a/1930_B1_NLIM_HIS.csv,../source_data/fig2a/230210_1745_B1_HIS.csv
NLIM-THR,../source_data/fig2a/221121_2030_B2_THR_GFP.csv,../source_data/fig2a/1930_B2_NLIM_THR.csv,../source_data/fig2a/230210_1745_B2_THR.csv
NLIM-GLY,../source_data/fig2a/221121_2030_B3_GLY_GFP.csv,../source_data/fig2a/1930_B3_NLIM_GLY.csv,../source_data/fig2a/230210_1745_B3_GLY.csv
NLIM-VAL,../source_data/fig2a/221121_2030_B4_VAL_GFP.csv,../source_data/fig2a/1930_B4_NLIM_VAL.csv,../source_data/fig2a/230210_1745_B4_VAL.csv
NLIM-LEU,../source_data/fig2a/221121_2030_B5_LEU_GFP.csv,../source_data/fig2a/1930_B5_NLIM_LEU.csv,../source_data/fig2a/230210_1745_B5_LEU.csv
NLIM-CYS,../source_data/fig2a/221121_2030_B6_CYS_GFP.csv,../source_data/fig2a/1930_B6_NLIM_CYS.csv,../source_data/fig2a/230210_1745_B6_CYS.csv
NLIM-ASN,../source_data/fig2a/221121_2030_B7_ASN_GFP.csv,../source_data/fig2a/1930_B7_NLIM_ASN.csv,../source_data/fig2a/230210_1745_B7_ASN.csv
NLIM-ILE,../source_data/fig2a/221121_2030_B8_ILE_GFP.csv,../source_data/fig2a/1930_B8_NLIM_ILE.csv,../source_data/fig2a/230210_1745_B8_ILE.csv
NLIM-TYR,../source_data/fig2a/221121_2030_B9_TYR_GFP.csv,../source_data/fig2a/1930_B9_NLIM_TYR.csv,../source_data/fig2a/230210_1745_B9_TYR.csv
NLIM-SER,../source_data/fig2a/221121_2030_B10_SER_GFP.csv,../source_data/fig2a/1930_B10_NLIM_SER.csv,../source_data/fig2a/230210_1745_B10_SER.csv
NLIM-GABA,../source_data/fig2a/221121_2030_B11_GABA_GFP.csv,../source_data/fig2a/1930_B11_NLIM_GABA.csv,../source_data/fig2a/230210_1745_B11_GABA.csv
NLIM-ORN,../source_data/fig2a/221121_2030_B12_ORN_GFP.csv,../source_data/fig2a/1930_B12_NLIM_ORN.csv,../source_data/fig2a/230210_1745_B12_ORN.csv